source,brand,title,price,url,image_url,tags,raw_data
PChome,明亮系列,明亮系列-金盞花萃取物(含葉黃素)複方軟膠囊(100粒/盒),688,https://24h.pchome.com.tw/prod/DBAW1D-A9007SCNW,https://cs-a.ecimg.tw/items/DBAW1DA9007SCNW/000001_1693448355.jpg,💊膠囊,明亮系列-金盞花萃取物(含葉黃素)複方軟膠囊(100粒/盒)
PChome,游離型葉,游離型葉黃素軟膠囊20mg 60粒,749,https://24h.pchome.com.tw/prod/DBBC1E-A900AR3YU,https://cs-a.ecimg.tw/items/DBBC1EA900AR3YU/000001_1768552455.jpg,✅游離型 💊膠囊,游離型葉黃素軟膠囊20mg 60粒
PChome,明亮系列,明亮系列-金盞花葉黃素Plus蝦紅素軟膠囊(50粒/盒),688,https://24h.pchome.com.tw/prod/DBBB46-A9009YPUF,https://cs-a.ecimg.tw/items/DBBB46A9009YPUF/000001_1766035097.jpg,🦐蝦紅素 🦐舒緩專注 💊膠囊,明亮系列-金盞花葉黃素Plus蝦紅素軟膠囊(50粒/盒)
PChome,專利金盞,專利金盞花葉黃素 軟膠囊 (30粒/盒)6盒組,1290,https://24h.pchome.com.tw/prod/DBAX6Q-A900FU22R,https://cs-a.ecimg.tw/items/DBAX6QA900FU22R/000001_1750234539.jpg,💊膠囊,專利金盞花葉黃素 軟膠囊 (30粒/盒)6盒組
PChome,專利金盞,專利金盞花葉黃素 軟膠囊 (30粒/盒)3盒組,690,https://24h.pchome.com.tw/prod/DBAX6Q-A900FU1XI,https://cs-a.ecimg.tw/items/DBAX6QA900FU1XI/000001_1750234520.jpg,💊膠囊,專利金盞花葉黃素 軟膠囊 (30粒/盒)3盒組
PChome,游離型葉,游離型葉黃素+黑醋栗複方錠(30錠/盒),447,https://24h.pchome.com.tw/prod/DBCM1B-A900GXZ6D,https://cs-a.ecimg.tw/items/DBCM1BA900GXZ6D/000001_1764817919.jpg,✅游離型 🫐花青素,游離型葉黃素+黑醋栗複方錠(30錠/盒)
PChome,專利晶澈,專利晶澈葉黃素EX 素食膠囊 (60粒/盒) 3盒組,1975,https://24h.pchome.com.tw/prod/DBBBDF-A900EOHAJ,https://cs-a.ecimg.tw/items/DBBBDFA900EOHAJ/000001_1748879957.jpg,💊膠囊,專利晶澈葉黃素EX 素食膠囊 (60粒/盒) 3盒組
PChome,EURE,EUREYE葉黃素複方軟膠囊 30粒6入組(德國原裝 游離型.玉米黃素.藍莓(山桑子).維他命A+B2),1515,https://24h.pchome.com.tw/prod/DBBC0N-A900ANIVD,https://cs-a.ecimg.tw/items/DBBC0NA900ANIVD/000001_1751337893.jpg,✅游離型 🫐花青素 🫐夜視守護 💊膠囊,EUREYE葉黃素複方軟膠囊 30粒6入組(德國原裝 游離型.玉米黃素.藍莓(山桑子).維他命A+B2)
PChome,專利晶澈,專利晶澈葉黃素EX 素食膠囊 (60粒/盒),890,https://24h.pchome.com.tw/prod/DBAX6Q-A900BHO08,https://cs-a.ecimg.tw/items/DBAX6QA900BHO08/000001_1715320417.jpg,💊膠囊,專利晶澈葉黃素EX 素食膠囊 (60粒/盒)
PChome,明亮系列,明亮系列-金盞花萃取物(含葉黃素)複方軟膠囊(50粒/盒),375,https://24h.pchome.com.tw/prod/DBAW1D-A9007SD05,https://cs-a.ecimg.tw/items/DBAW1DA9007SD05/000001_1615964515.jpg,💊膠囊,明亮系列-金盞花萃取物(含葉黃素)複方軟膠囊(50粒/盒)
PChome,EURE,EUREYE葉黃素複方軟膠囊 30粒3入組(德國原裝 游離型.玉米黃素.藍莓(山桑子).維他命A+B2),766,https://24h.pchome.com.tw/prod/DBBB1Q-A9008O1OQ,https://cs-a.ecimg.tw/items/DBBB1QA9008O1OQ/000001_1751337885.jpg,✅游離型 🫐花青素 🫐夜視守護 💊膠囊,EUREYE葉黃素複方軟膠囊 30粒3入組(德國原裝 游離型.玉米黃素.藍莓(山桑子).維他命A+B2)
PChome,舒利視金,舒利視金盞花葉黃素 共2盒 (60顆/盒),1100,https://24h.pchome.com.tw/prod/DBBB1Q-A9007GGBP,https://cs-a.ecimg.tw/items/DBBB1QA9007GGBP/000001_1631760999.jpg,,舒利視金盞花葉黃素 共2盒 (60顆/盒)
PChome,高清葉黃素,【高清葉黃素】極致比例葉黃素+獨家消旋玉米黃素+超臨界蝦紅素｜獨家雙重10:2符合國際新實證｜永豐集團,480,https://24h.pchome.com.tw/prod/DFAQ1I-A900IFEHF,https://cs-a.ecimg.tw/items/DFAQ1IA900IFEHF/000001_1741577481.jpg,⚖️10:2比例 🦐蝦紅素 🦐舒緩專注,【高清葉黃素】極致比例葉黃素+獨家消旋玉米黃素+超臨界蝦紅素｜獨家雙重10:2符合國際新實證｜永豐集團
PChome,明守對策,明守對策葉黃素 40顆/盒 (24hr日夜錠 金盞花 葉酸 山桑子 番紅花 游離型+酯化型 3C族必備螢幕桌機筆電),1280,https://24h.pchome.com.tw/prod/DBAW5A-A900FOEOD,https://cs-a.ecimg.tw/items/DBAW5AA900FOEOD/000001_1695090017.jpg,✅游離型 🫐花青素 🫐夜視守護,明守對策葉黃素 40顆/盒 (24hr日夜錠 金盞花 葉酸 山桑子 番紅花 游離型+酯化型 3C族必備螢幕桌機筆電)
PChome,金盞花葉,金盞花葉黃素膠囊(B群特別版)30粒X3盒(可增進神經系統的健康),1799,https://24h.pchome.com.tw/prod/DBAUI6-A900GA93T,https://cs-a.ecimg.tw/items/DBAUI6A900GA93T/000001_1728348565.jpg,💊膠囊,金盞花葉黃素膠囊(B群特別版)30粒X3盒(可增進神經系統的健康)
PChome,V金盞花,V金盞花萃取物葉黃素複方軟膠囊 60粒,849,https://24h.pchome.com.tw/prod/DBAUGQ-A900FWLUM,https://cs-a.ecimg.tw/items/DBAUGQA900FWLUM/000001_1717054519.jpg,💊膠囊,V金盞花萃取物葉黃素複方軟膠囊 60粒
PChome,金盞花葉,金盞花葉黃素+蝦紅素+B5,989,https://24h.pchome.com.tw/prod/DBBC6F-A900GXDX0,https://cs-a.ecimg.tw/items/DBBC6FA900GXDX0/000001_1740978509.jpg,🦐蝦紅素 🦐舒緩專注,金盞花葉黃素+蝦紅素+B5
PChome,電競葉黃,電競葉黃素 軟膠囊 (30粒/盒)3盒組,1513,https://24h.pchome.com.tw/prod/DBAW6V-A900GGDP2,https://cs-a.ecimg.tw/items/DBAW6VA900GGDP2/000001_1688441010.jpg,💊膠囊,電競葉黃素 軟膠囊 (30粒/盒)3盒組
PChome,狀元．葉,狀元．葉黃素+蝦紅素(30粒/包) x1包,720,https://24h.pchome.com.tw/prod/DBBB1Q-A900BVAGP,https://cs-a.ecimg.tw/items/DBBB1QA900BVAGP/000001_1745074337.jpg,🦐蝦紅素 🦐舒緩專注,狀元．葉黃素+蝦紅素(30粒/包) x1包
PChome,30:6,30:6:6高濃度晶亮葉黃素30粒X3盒(游離型/玉米黃素/玻尿酸/全素),1680,https://24h.pchome.com.tw/prod/DBAUI6-A900GA9EY,https://cs-a.ecimg.tw/items/DBAUI6A900GA9EY/000001_1762228602.jpg,✅游離型 💧水潤配方,30:6:6高濃度晶亮葉黃素30粒X3盒(游離型/玉米黃素/玻尿酸/全素)
PChome,晶研全方,晶研全方位葉黃素EX(60錠/瓶),1822,https://24h.pchome.com.tw/prod/DFAI00-A900HH0NL,https://cs-a.ecimg.tw/items/DFAI00A900HH0NL/000001_1745483909.jpg,,晶研全方位葉黃素EX(60錠/瓶)
PChome,金盞花萃,金盞花萃取葉黃素凍(20g*10包/盒),500,https://24h.pchome.com.tw/prod/DBBB5X-A900FV2EJ,https://cs-a.ecimg.tw/items/DBBB5XA900FV2EJ/000001_1760694402.jpg,🧃飲品/凍,金盞花萃取葉黃素凍(20g*10包/盒)
PChome,晶采金盞,晶采金盞花葉黃素60顆,799,https://24h.pchome.com.tw/prod/DBBB1Q-A9008E442,https://cs-a.ecimg.tw/items/DBBB1QA9008E442/000001_1725261324.jpg,,晶采金盞花葉黃素60顆
PChome,舒利視金,舒利視金盞花葉黃素 共3盒 (60顆/盒),1650,https://24h.pchome.com.tw/prod/DBBB1Q-A9007GGD0,https://cs-a.ecimg.tw/items/DBBB1QA9007GGD0/000001_1631760823.jpg,,舒利視金盞花葉黃素 共3盒 (60顆/盒)
PChome,金盞花葉,金盞花葉黃素Plus蝦紅素軟膠囊 (50粒/盒) *2入組,1400,https://24h.pchome.com.tw/prod/DBDA21-A900GXJ6Y,https://cs-a.ecimg.tw/items/DBDA21A900GXJ6Y/000001_1767783583.jpg,🦐蝦紅素 🦐舒緩專注 💊膠囊,金盞花葉黃素Plus蝦紅素軟膠囊 (50粒/盒) *2入組
PChome,30:6,30:6金盞花葉黃素膠囊(30粒/盒)(三大專利萃取+魚油+蝦紅素),440,https://24h.pchome.com.tw/prod/DBBBAO-A900A0HFS,https://cs-a.ecimg.tw/items/DBBBAOA900A0HFS/000001_1587002044.jpg,🦐蝦紅素 💧水潤配方 🦐舒緩專注 💊膠囊,30:6金盞花葉黃素膠囊(30粒/盒)(三大專利萃取+魚油+蝦紅素)
PChome,葉黃素液,葉黃素液態軟膠囊 140顆,1590,https://24h.pchome.com.tw/prod/DFAQ1I-A900IHF35,https://cs-a.ecimg.tw/items/DFAQ1IA900IHF35/000001_1760581395.jpg,💊膠囊,葉黃素液態軟膠囊 140顆
PChome,高清葉黃素,【高清葉黃素】極致比例葉黃素+獨家消旋玉米黃素+超臨界蝦紅素｜全台獨家雙重10:2符合國際新實證,1440,https://24h.pchome.com.tw/prod/DFAQ1I-1900IFO2K,https://cs-a.ecimg.tw/items/DFAQ1I1900IFO2K/000001_1741580039.jpg,⚖️10:2比例 🦐蝦紅素 🦐舒緩專注,【高清葉黃素】極致比例葉黃素+獨家消旋玉米黃素+超臨界蝦紅素｜全台獨家雙重10:2符合國際新實證
PChome,專利葉黃,專利葉黃素20mg素食膠囊(30顆),650,https://24h.pchome.com.tw/prod/DBBB9D-A900A1QN3,https://cs-a.ecimg.tw/items/DBBB9DA900A1QN3/000001_1741670893.jpg,💊膠囊,專利葉黃素20mg素食膠囊(30顆)
PChome,舒利視金,舒利視金盞花葉黃素(60顆/盒),598,https://24h.pchome.com.tw/prod/DBBB1Q-A9007GG8B,https://cs-a.ecimg.tw/items/DBBB1QA9007GG8B/000001_1631761160.jpg,,舒利視金盞花葉黃素(60顆/盒)
PChome,Puritans Pride,【Puritans Pride 】游離型式 葉黃素 20 MG 超值晶亮 (120顆/瓶),1291,https://24h.pchome.com.tw/prod/DBBC6W-A900FG9JV,https://cs-a.ecimg.tw/items/DBBC6WA900FG9JV/000001_1662016462.jpg,✅游離型,【Puritans Pride 】游離型式 葉黃素 20 MG 超值晶亮 (120顆/瓶)
PChome,視倍明葉,視倍明葉黃素膠囊(30粒)~葉黃素30mg含蝦紅素,400,https://24h.pchome.com.tw/prod/DBBC82-A900GB8G9,https://cs-a.ecimg.tw/items/DBBC82A900GB8G9/000001_1683709692.jpg,🦐蝦紅素 🦐舒緩專注 💊膠囊,視倍明葉黃素膠囊(30粒)~葉黃素30mg含蝦紅素
PChome,葉黃素液,葉黃素液態軟膠囊(140顆/罐),1606,https://24h.pchome.com.tw/prod/DFAQ1I-A900I1PNZ,https://cs-a.ecimg.tw/items/DFAQ1IA900I1PNZ/000001_1764821528.jpg,💊膠囊,葉黃素液態軟膠囊(140顆/罐)
PChome,優適金盞,優適金盞花葉黃素(90粒/瓶),970,https://24h.pchome.com.tw/prod/DBBB0G-A9008FE5B,https://cs-a.ecimg.tw/items/DBBB0GA9008FE5B/000001_1764565425.jpg,,優適金盞花葉黃素(90粒/瓶)
PChome,金盞花葉,金盞花葉黃素 1盒(30顆/盒),599,https://24h.pchome.com.tw/prod/DFAQ1I-A900IEOV9,https://cs-a.ecimg.tw/items/DFAQ1IA900IEOV9/000001_1757575828.jpg,,金盞花葉黃素 1盒(30顆/盒)
PChome,新複方葉,新複方葉黃素軟膠囊(130粒),1610,https://24h.pchome.com.tw/prod/DBBC6W-A900FU6G9,https://cs-a.ecimg.tw/items/DBBC6WA900FU6G9/000001_1670911587.jpg,💊膠囊,新複方葉黃素軟膠囊(130粒)
PChome,葉黃素 ,葉黃素 20 毫克綜合軟膠囊(150粒/罐),1886,https://24h.pchome.com.tw/prod/DFAQ1I-A900IZEKF,https://cs-a.ecimg.tw/items/DFAQ1IA900IZEKF/000001_1751021153.jpg,💊膠囊,葉黃素 20 毫克綜合軟膠囊(150粒/罐)
PChome,EURE,EUREYE葉黃素複方軟膠囊 30粒2入組(德國原裝 游離型.玉米黃素.藍莓(山桑子).維他命A+B2),513,https://24h.pchome.com.tw/prod/DFAQ1I-A900I15P4,https://cs-a.ecimg.tw/items/DFAQ1IA900I15P4/000001_1734667462.jpg,✅游離型 🫐花青素 🫐夜視守護 💊膠囊,EUREYE葉黃素複方軟膠囊 30粒2入組(德國原裝 游離型.玉米黃素.藍莓(山桑子).維他命A+B2)
PChome,葉黃素枸,葉黃素枸杞軟膠囊60顆(游離型葉黃素/8倍濃縮枸杞),1550,https://24h.pchome.com.tw/prod/DFAE0H-A900GE4XA,https://cs-a.ecimg.tw/items/DFAE0HA900GE4XA/000001_1767888310.jpg,✅游離型 💊膠囊,葉黃素枸杞軟膠囊60顆(游離型葉黃素/8倍濃縮枸杞)
PChome,EURE,EUREYE葉黃素複方軟膠囊 30粒8入組(德國原裝 游離型.玉米黃素.藍莓(山桑子).維他命A),2012,https://24h.pchome.com.tw/prod/DBBC0N-A900B5LTM,https://cs-a.ecimg.tw/items/DBBC0NA900B5LTM/000001_1751337897.jpg,✅游離型 🫐花青素 🫐夜視守護 💊膠囊,EUREYE葉黃素複方軟膠囊 30粒8入組(德國原裝 游離型.玉米黃素.藍莓(山桑子).維他命A)
PChome,電競葉黃,電競葉黃素 軟膠囊 (30粒/盒),690,https://24h.pchome.com.tw/prod/DBAW6V-A900GBDKW,https://cs-a.ecimg.tw/items/DBAW6VA900GBDKW/000001_1683793231.jpg,💊膠囊,電競葉黃素 軟膠囊 (30粒/盒)
PChome,專利游離,專利游離型葉黃素x蝦紅素_增量版 1入組/共30粒(添加花青素、玉米黃素、蝦紅素) 最佳比例15:3．全素可食,599,https://24h.pchome.com.tw/prod/DFAQ1I-A900IHXVQ,https://cs-a.ecimg.tw/items/DFAQ1IA900IHXVQ/000001_1742979266.jpg,✅游離型 🦐蝦紅素 🫐花青素 🦐舒緩專注 🫐夜視守護,專利游離型葉黃素x蝦紅素_增量版 1入組/共30粒(添加花青素、玉米黃素、蝦紅素) 最佳比例15:3．全素可食
PChome,金盞花葉,金盞花葉黃素膠囊(B群特別版)30粒/盒(可增進神經系統的健康 維他命B),650,https://24h.pchome.com.tw/prod/DBAU1O-A900B6AQ4,https://cs-a.ecimg.tw/items/DBAU1OA900B6AQ4/000001_1711095127.jpg,💊膠囊,金盞花葉黃素膠囊(B群特別版)30粒/盒(可增進神經系統的健康 維他命B)
PChome,升級版 ,升級版 攔洸葉黃素 1盒(45粒/盒),1260,https://24h.pchome.com.tw/prod/DFAS00-A900GQPGP,https://cs-a.ecimg.tw/items/DFAS00A900GQPGP/000001_1697528162.jpg,,升級版 攔洸葉黃素 1盒(45粒/盒)
PChome,黑醋栗葉,黑醋栗葉黃素(60錠/瓶),1546,https://24h.pchome.com.tw/prod/DFAI00-A900GB0TK,https://cs-a.ecimg.tw/items/DFAI00A900GB0TK/000001_1745483429.jpg,🫐花青素,黑醋栗葉黃素(60錠/瓶)
PChome,葉黃素2,葉黃素20毫克複合膠囊(150粒/瓶),1710,https://24h.pchome.com.tw/prod/DBBC07-A900DYX7Z,https://cs-a.ecimg.tw/items/DBBC07A900DYX7Z/000001_1661938212.jpg,💊膠囊,葉黃素20毫克複合膠囊(150粒/瓶)
PChome,EURE,EUREYE葉黃素複方軟膠囊 30粒5入組(德國原裝 游離型.玉米黃素.藍莓(山桑子).維他命A),1267,https://24h.pchome.com.tw/prod/DBBC0N-A900BP2Q9,https://cs-a.ecimg.tw/items/DBBC0NA900BP2Q9/000001_1750987916.jpg,✅游離型 🫐花青素 🫐夜視守護 💊膠囊,EUREYE葉黃素複方軟膠囊 30粒5入組(德國原裝 游離型.玉米黃素.藍莓(山桑子).維他命A)
PChome,游離型葉,游離型葉黃素軟膠囊 (90粒/罐),790,https://24h.pchome.com.tw/prod/DBBC6W-A900GOCY2,https://cs-a.ecimg.tw/items/DBBC6WA900GOCY2/000001_1759308144.jpg,✅游離型 💊膠囊,游離型葉黃素軟膠囊 (90粒/罐)
PChome,高單位3,高單位30mg葉黃素+蝦紅素膠囊 1入(60粒/罐),499,https://24h.pchome.com.tw/prod/DBBB89-A900AWTTY,https://cs-a.ecimg.tw/items/DBBB89A900AWTTY/000001_1602055482.jpg,🦐蝦紅素 🦐舒緩專注 💊膠囊,高單位30mg葉黃素+蝦紅素膠囊 1入(60粒/罐)
PChome,有酵金盞,有酵金盞花葉黃素凍(18入x2盒),934,https://24h.pchome.com.tw/prod/DFAG09-1900HHNHY,https://cs-a.ecimg.tw/items/DFAG091900HHNHY/000001_1768554394.jpg,🧃飲品/凍,有酵金盞花葉黃素凍(18入x2盒)
PChome,(2入組,(2入組)V金盞花萃取物葉黃素複方軟膠囊 60粒,1760,https://24h.pchome.com.tw/prod/DBAUGQ-A900FLBDZ,https://cs-a.ecimg.tw/items/DBAUGQA900FLBDZ/000001_1717054708.jpg,💊膠囊,(2入組)V金盞花萃取物葉黃素複方軟膠囊 60粒
PChome,清新視界,清新視界金盞花萃取物(含游離型葉黃素)30粒/盒,560,https://24h.pchome.com.tw/prod/DDCV2S-A900HM2HP,https://cs-a.ecimg.tw/items/DDCV2SA900HM2HP/000001_1746785773.jpg,✅游離型,清新視界金盞花萃取物(含游離型葉黃素)30粒/盒
PChome,金盞花萃,金盞花萃取物葉黃素複方膠囊30粒,499,https://24h.pchome.com.tw/prod/DBBB1Q-A9007KODZ,https://cs-a.ecimg.tw/items/DBBB1QA9007KODZ/000001_1685675089.jpg,💊膠囊,金盞花萃取物葉黃素複方膠囊30粒
PChome,金盞花葉,金盞花葉黃素(30顆/包),390,https://24h.pchome.com.tw/prod/DBBBJB-A900I2GJK,https://cs-a.ecimg.tw/items/DBBBJBA900I2GJK/000001_1731310835.jpg,,金盞花葉黃素(30顆/包)
PChome,高單位葉,高單位葉黃素20MG軟膠囊1瓶(90顆)(FloraGLO專利葉黃素),980,https://24h.pchome.com.tw/prod/QEABAC-A90086R75,https://cs-a.ecimg.tw/items/QEABACA90086R75/000001_1753777706.jpg,💎FloraGLO 💊膠囊,高單位葉黃素20MG軟膠囊1瓶(90顆)(FloraGLO專利葉黃素)
PChome,BHKs,BHKs 葉黃素+決明子 軟膠囊 (30粒/盒),480,https://24h.pchome.com.tw/prod/DBBBDF-A900FTR7G,https://cs-a.ecimg.tw/items/DBBBDFA900FTR7G/000001_1670471790.jpg,💊膠囊,BHKs 葉黃素+決明子 軟膠囊 (30粒/盒)
PChome,液態金盞,液態金盞花葉黃素 30粒/盒,360,https://24h.pchome.com.tw/prod/DFAQ1I-A900IFDZ9,https://cs-a.ecimg.tw/items/DFAQ1IA900IFDZ9/000001_1741336337.jpg,,液態金盞花葉黃素 30粒/盒
PChome,專利葉黃,專利葉黃素20mg素食膠囊(60顆),1280,https://24h.pchome.com.tw/prod/DBBC6L-A900DX1PB,https://cs-a.ecimg.tw/items/DBBC6LA900DX1PB/000001_1747979871.jpg,💊膠囊,專利葉黃素20mg素食膠囊(60顆)
PChome,愛麗明 ,愛麗明 葉黃素+黑醋栗萃取(含花青素)複方錠(60錠),599,https://24h.pchome.com.tw/prod/DBBC6W-A900BA06N,https://cs-a.ecimg.tw/items/DBBC6WA900BA06N/000001_1668674913.jpg,🫐花青素 🫐夜視守護,愛麗明 葉黃素+黑醋栗萃取(含花青素)複方錠(60錠)
PChome,晶研全方,晶研全方位葉黃素EX 60錠,1880,https://24h.pchome.com.tw/prod/DFAQ1J-A900IJXUD,https://cs-a.ecimg.tw/items/DFAQ1JA900IJXUD/000001_1744619385.jpg,,晶研全方位葉黃素EX 60錠
MOMO,BHK’s,【BHK’s】專利金盞花葉黃素 軟膠囊 3盒組(30粒/盒),690,https://www.momoshop.com.tw/goods/GoodsDetail.jsp?i_code=11490367&Area=search&mdiv=403&oid=1_1&cid=index&kw=%E8%91%89%E9%BB%83%E7%B4%A0,https://i2.momoshop.com.tw/1752053354/goodsimg/0011/490/367/11490367_OR_m.webp,💊膠囊,【BHK’s】專利金盞花葉黃素 軟膠囊 3盒組(30粒/盒)
MOMO,樂敦,【樂敦】V游離型葉黃素複方軟膠囊(4入組共240粒；金盞花萃取物),3099,https://www.momoshop.com.tw/goods/GoodsDetail.jsp?i_code=10653515&Area=search&mdiv=403&oid=1_2&cid=index&kw=%E8%91%89%E9%BB%83%E7%B4%A0,https://i2.momoshop.com.tw/1768961217/goodsimg/0010/653/515/10653515_OR_m.webp,✅游離型 💊膠囊,【樂敦】V游離型葉黃素複方軟膠囊(4入組共240粒；金盞花萃取物)
MOMO,BHK’s,【BHK’s】專利金盞花葉黃素 軟膠囊 6盒組(30粒/盒),1290,https://www.momoshop.com.tw/goods/GoodsDetail.jsp?i_code=11490368&Area=search&mdiv=403&oid=1_3&cid=index&kw=%E8%91%89%E9%BB%83%E7%B4%A0,https://i2.momoshop.com.tw/1752053358/goodsimg/0011/490/368/11490368_OR_m.webp,💊膠囊,【BHK’s】專利金盞花葉黃素 軟膠囊 6盒組(30粒/盒)
MOMO,白蘭氏,【白蘭氏】官方直營 晶研全方位葉黃素EX 60錠X2瓶(共120錠 金盞花/蝦紅素 強化型葉黃素 張晨光推薦),3485,https://www.momoshop.com.tw/goods/GoodsDetail.jsp?i_code=11887556&Area=search&mdiv=403&oid=1_4&cid=index&kw=%E8%91%89%E9%BB%83%E7%B4%A0,https://i2.momoshop.com.tw/1767145342/goodsimg/0011/887/556/11887556_OR_m.webp,🦐蝦紅素 🦐舒緩專注,【白蘭氏】官方直營 晶研全方位葉黃素EX 60錠X2瓶(共120錠 金盞花/蝦紅素 強化型葉黃素 張晨光推薦)
MOMO,悠活原力,【悠活原力】金盞花萃取葉黃素 + 紅藻萃取蝦紅素 複方軟膠囊3盒(30粒/盒 共90粒 吳淡如真情推薦),1999,https://www.momoshop.com.tw/goods/GoodsDetail.jsp?i_code=10039567&Area=search&mdiv=403&oid=1_5&cid=index&kw=%E8%91%89%E9%BB%83%E7%B4%A0,https://i3.momoshop.com.tw/1763117407/goodsimg/0010/039/567/10039567_OR_m.webp,🦐蝦紅素 🦐舒緩專注 💊膠囊,【悠活原力】金盞花萃取葉黃素 + 紅藻萃取蝦紅素 複方軟膠囊3盒(30粒/盒 共90粒 吳淡如真情推薦)
MOMO,悠活原力,【悠活原力】金盞花萃取葉黃素+紅藻萃取蝦紅素複方軟膠囊x5(30粒/盒 共150粒 吳淡如推薦),3299,https://www.momoshop.com.tw/goods/GoodsDetail.jsp?i_code=9538651&Area=search&mdiv=403&oid=1_6&cid=index&kw=%E8%91%89%E9%BB%83%E7%B4%A0,https://i3.momoshop.com.tw/1763117403/goodsimg/0009/538/651/9538651_OR_m.webp,🦐蝦紅素 🦐舒緩專注 💊膠囊,【悠活原力】金盞花萃取葉黃素+紅藻萃取蝦紅素複方軟膠囊x5(30粒/盒 共150粒 吳淡如推薦)
MOMO,健康優見,【健康優見】高單位升級版葉黃素軟膠囊x10瓶(30粒/瓶)+贈永信綜合維他命B群+鋅或+鐵x2瓶(30錠/瓶)-永信監製,2212,https://www.momoshop.com.tw/goods/GoodsDetail.jsp?i_code=14511122&Area=search&mdiv=403&oid=1_7&cid=index&kw=%E8%91%89%E9%BB%83%E7%B4%A0,https://i2.momoshop.com.tw/1761922170/goodsimg/0014/511/122/14511122_OR_m.webp,💊膠囊,【健康優見】高單位升級版葉黃素軟膠囊x10瓶(30粒/瓶)+贈永信綜合維他命B群+鋅或+鐵x2瓶(30錠/瓶)-永信監製
MOMO,大研生醫,【大研生醫】視易適葉黃素3入組(30粒/入)-添加蝦紅素.智利酒果.山桑子,2588,https://www.momoshop.com.tw/goods/GoodsDetail.jsp?i_code=7389662&Area=search&mdiv=403&oid=1_8&cid=index&kw=%E8%91%89%E9%BB%83%E7%B4%A0,https://i4.momoshop.com.tw/1765796214/goodsimg/0007/389/662/7389662_OR_m.webp,🦐蝦紅素 🫐花青素 🦐舒緩專注 🫐夜視守護,【大研生醫】視易適葉黃素3入組(30粒/入)-添加蝦紅素.智利酒果.山桑子
MOMO,SENTOSA 三多,【SENTOSA 三多】金盞花葉黃素膠囊3入組 共300粒(添加魚油/鋅/多種維生素),1980,https://www.momoshop.com.tw/goods/GoodsDetail.jsp?i_code=5283170&Area=search&mdiv=403&oid=1_9&cid=index&kw=%E8%91%89%E9%BB%83%E7%B4%A0,https://i3.momoshop.com.tw/1765789677/goodsimg/0005/283/170/5283170_OR_m.webp,💧水潤配方 💊膠囊,【SENTOSA 三多】金盞花葉黃素膠囊3入組 共300粒(添加魚油/鋅/多種維生素)
MOMO,大研生醫,【大研生醫】視易適葉黃素10入組(300粒-陳美鳳代言.添加蝦紅素.智利酒果.山桑子),8188,https://www.momoshop.com.tw/goods/GoodsDetail.jsp?i_code=11010637&Area=search&mdiv=403&oid=1_10&cid=index&kw=%E8%91%89%E9%BB%83%E7%B4%A0,https://i4.momoshop.com.tw/1765796208/goodsimg/0011/010/637/11010637_OR_m.webp,🦐蝦紅素 🫐花青素 🦐舒緩專注 🫐夜視守護,【大研生醫】視易適葉黃素10入組(300粒-陳美鳳代言.添加蝦紅素.智利酒果.山桑子)
MOMO,DHC,【DHC】藍莓精華II30日份3入組(60粒/入 暗處視覺 花青素 葉黃素),1250,https://www.momoshop.com.tw/goods/GoodsDetail.jsp?i_code=9129974&Area=search&mdiv=403&oid=1_11&cid=index&kw=%E8%91%89%E9%BB%83%E7%B4%A0,https://i1.momoshop.com.tw/1765806361/goodsimg/0009/129/974/9129974_OR_m.webp,🫐花青素 🫐夜視守護,【DHC】藍莓精華II30日份3入組(60粒/入 暗處視覺 花青素 葉黃素)
MOMO,善存,【善存】游離型葉黃素軟膠囊20mg 4+1盒組(60粒/盒-視網膜推薦 3週看見不同 分子小好吸收),2995,https://www.momoshop.com.tw/goods/GoodsDetail.jsp?i_code=8388541&Area=search&mdiv=403&oid=1_12&cid=index&kw=%E8%91%89%E9%BB%83%E7%B4%A0,https://i4.momoshop.com.tw/1769045602/goodsimg/0008/388/541/8388541_OR_m.webp,✅游離型 💊膠囊,【善存】游離型葉黃素軟膠囊20mg 4+1盒組(60粒/盒-視網膜推薦 3週看見不同 分子小好吸收)
MOMO,營養師輕食,【營養師輕食】我的視角葉黃素12入組(一瓶60顆 瑞士山桑子160mg 蝦紅素8mg 江欣樺研製),17111,https://www.momoshop.com.tw/goods/GoodsDetail.jsp?i_code=14391818&Area=search&mdiv=403&oid=1_13&cid=index&kw=%E8%91%89%E9%BB%83%E7%B4%A0,https://i3.momoshop.com.tw/1765807106/goodsimg/0014/391/818/14391818_OR_m.webp,🦐蝦紅素 🫐花青素 🦐舒緩專注 🫐夜視守護,【營養師輕食】我的視角葉黃素12入組(一瓶60顆 瑞士山桑子160mg 蝦紅素8mg 江欣樺研製)
MOMO,健康優見,【健康優見】高單位升級版葉黃素軟膠囊x10瓶(30粒/瓶)-永信監製,2012,https://www.momoshop.com.tw/goods/GoodsDetail.jsp?i_code=14645850&Area=search&mdiv=403&oid=1_14&cid=index&kw=%E8%91%89%E9%BB%83%E7%B4%A0,https://i4.momoshop.com.tw/1762423003/goodsimg/0014/645/850/14645850_OR_m.webp,💊膠囊,【健康優見】高單位升級版葉黃素軟膠囊x10瓶(30粒/瓶)-永信監製
MOMO,營養師輕食,【營養師輕食】我的視角葉黃素5入組(一瓶60顆 瑞士山桑子160mg 蝦紅素8mg 江欣樺研製),7975,https://www.momoshop.com.tw/goods/GoodsDetail.jsp?i_code=13199970&Area=search&mdiv=403&oid=1_15&cid=index&kw=%E8%91%89%E9%BB%83%E7%B4%A0,https://i1.momoshop.com.tw/1765778312/goodsimg/0013/199/970/13199970_OR_m.webp,🦐蝦紅素 🫐花青素 🦐舒緩專注 🫐夜視守護,【營養師輕食】我的視角葉黃素5入組(一瓶60顆 瑞士山桑子160mg 蝦紅素8mg 江欣樺研製)
MOMO,NatureMade 萊萃美,【NatureMade 萊萃美】葉黃素20毫克複合膠囊(150粒/瓶),1350,https://www.momoshop.com.tw/goods/GoodsDetail.jsp?i_code=5133530&Area=search&mdiv=403&oid=1_16&cid=index&kw=%E8%91%89%E9%BB%83%E7%B4%A0,https://i2.momoshop.com.tw/1692630507/goodsimg/0005/133/530/5133530_OR_m.webp,💊膠囊,【NatureMade 萊萃美】葉黃素20毫克複合膠囊(150粒/瓶)
MOMO,大研生醫,【大研生醫】視易適葉黃素6入組(共180粒.陳美鳳代言.添加蝦紅素.智利酒果.山桑子),4988,https://www.momoshop.com.tw/goods/GoodsDetail.jsp?i_code=10372280&Area=search&mdiv=403&oid=1_17&cid=index&kw=%E8%91%89%E9%BB%83%E7%B4%A0,https://i4.momoshop.com.tw/1765796210/goodsimg/0010/372/280/10372280_OR_m.webp,🦐蝦紅素 🫐花青素 🦐舒緩專注 🫐夜視守護,【大研生醫】視易適葉黃素6入組(共180粒.陳美鳳代言.添加蝦紅素.智利酒果.山桑子)
MOMO,白蘭氏,【白蘭氏】葉黃素精華凍15g*21入*7盒共147入(專利游離型葉黃素 家長有感推薦 學童推薦),5589,https://www.momoshop.com.tw/goods/GoodsDetail.jsp?i_code=14487381&Area=search&mdiv=403&oid=1_18&cid=index&kw=%E8%91%89%E9%BB%83%E7%B4%A0,https://i1.momoshop.com.tw/1764958742/goodsimg/0014/487/381/14487381_OR_m.webp,✅游離型 🧃飲品/凍,【白蘭氏】葉黃素精華凍15g*21入*7盒共147入(專利游離型葉黃素 家長有感推薦 學童推薦)
MOMO,SENTOSA 三多,【SENTOSA 三多】金盞花葉黃素Plus蝦紅素軟膠囊3入組(共150粒),1880,https://www.momoshop.com.tw/goods/GoodsDetail.jsp?i_code=6382987&Area=search&mdiv=403&oid=1_19&cid=index&kw=%E8%91%89%E9%BB%83%E7%B4%A0,https://i3.momoshop.com.tw/1765789680/goodsimg/0006/382/987/6382987_OR_m.webp,🦐蝦紅素 🦐舒緩專注 💊膠囊,【SENTOSA 三多】金盞花葉黃素Plus蝦紅素軟膠囊3入組(共150粒)
MOMO,BHK’s,【BHK’s】專利金盞花葉黃素 軟膠囊 3盒組(30粒/盒),690,https://www.momoshop.com.tw/goods/GoodsDetail.jsp?i_code=11490367&Area=search&mdiv=403&oid=1_20&cid=index&kw=%E8%91%89%E9%BB%83%E7%B4%A0,https://i2.momoshop.com.tw/1752053354/goodsimg/0011/490/367/11490367_OR_m.webp,💊膠囊,【BHK’s】專利金盞花葉黃素 軟膠囊 3盒組(30粒/盒)
MOMO,LARGAN,【LARGAN】晶亮立克5盒(共150粒 雙主播代言&專科醫師推薦 葉黃素 隱黃素 全民星攻略冠名推薦),3980,https://www.momoshop.com.tw/goods/GoodsDetail.jsp?i_code=13102396&Area=search&mdiv=403&oid=1_21&cid=index&kw=%E8%91%89%E9%BB%83%E7%B4%A0,https://i3.momoshop.com.tw/1769107402/goodsimg/0013/102/396/13102396_OR_m.webp,,【LARGAN】晶亮立克5盒(共150粒 雙主播代言&專科醫師推薦 葉黃素 隱黃素 全民星攻略冠名推薦)
MOMO,DHC,【DHC】金盞花萃取物葉黃素30日份3入組(30粒/入 花青素 黑醋栗 3C族),999,https://www.momoshop.com.tw/goods/GoodsDetail.jsp?i_code=6782194&Area=search&mdiv=403&oid=1_22&cid=index&kw=%E8%91%89%E9%BB%83%E7%B4%A0,https://i2.momoshop.com.tw/1765806293/goodsimg/0006/782/194/6782194_OR_m.webp,🫐花青素 🫐夜視守護,【DHC】金盞花萃取物葉黃素30日份3入組(30粒/入 花青素 黑醋栗 3C族)
MOMO,大研生醫,【大研生醫】視易適葉黃素2入組(30粒/組)-添加蝦紅素.智利酒果.山桑子,1788,https://www.momoshop.com.tw/goods/GoodsDetail.jsp?i_code=7241581&Area=search&mdiv=403&oid=1_23&cid=index&kw=%E8%91%89%E9%BB%83%E7%B4%A0,https://i2.momoshop.com.tw/1763195932/goodsimg/0007/241/581/7241581_OR_m.webp,🦐蝦紅素 🫐花青素 🦐舒緩專注 🫐夜視守護,【大研生醫】視易適葉黃素2入組(30粒/組)-添加蝦紅素.智利酒果.山桑子
MOMO,大研生醫,【大研生醫】視易適葉黃素5入組(30粒/入-添加蝦紅素.智利酒果.山桑子),4188,https://www.momoshop.com.tw/goods/GoodsDetail.jsp?i_code=10014054&Area=search&mdiv=403&oid=1_24&cid=index&kw=%E8%91%89%E9%BB%83%E7%B4%A0,https://i3.momoshop.com.tw/1765796211/goodsimg/0010/014/054/10014054_OR_m.webp,🦐蝦紅素 🫐花青素 🦐舒緩專注 🫐夜視守護,【大研生醫】視易適葉黃素5入組(30粒/入-添加蝦紅素.智利酒果.山桑子)
MOMO,白蘭氏,【白蘭氏】官方直營 晶研全方位葉黃素EX 60錠X5瓶(共300錠 金盞花/蝦紅素 張晨光推薦),7722,https://www.momoshop.com.tw/goods/GoodsDetail.jsp?i_code=13590954&Area=search&mdiv=403&oid=1_25&cid=index&kw=%E8%91%89%E9%BB%83%E7%B4%A0,https://i4.momoshop.com.tw/1767145345/goodsimg/0013/590/954/13590954_OR_m.webp,🦐蝦紅素 🦐舒緩專注,【白蘭氏】官方直營 晶研全方位葉黃素EX 60錠X5瓶(共300錠 金盞花/蝦紅素 張晨光推薦)
MOMO,日本味王,【日本味王】7天有感高濃度游離型葉黃素B群版30粒x5盒+贈7粒x3盒(可增進神經系統的健康),2999,https://www.momoshop.com.tw/goods/GoodsDetail.jsp?i_code=10610484&Area=search&mdiv=403&oid=1_26&cid=index&kw=%E8%91%89%E9%BB%83%E7%B4%A0,https://i2.momoshop.com.tw/1765764379/goodsimg/0010/610/484/10610484_OR_m.webp,✅游離型,【日本味王】7天有感高濃度游離型葉黃素B群版30粒x5盒+贈7粒x3盒(可增進神經系統的健康)
MOMO,健康優見,【健康優見】高單位升級版葉黃素軟膠囊x10瓶(30粒/瓶)+贈維生素C1000緩釋錠x2瓶(30粒/瓶)-永信監製,2212,https://www.momoshop.com.tw/goods/GoodsDetail.jsp?i_code=14645690&Area=search&mdiv=403&oid=1_27&cid=index&kw=%E8%91%89%E9%BB%83%E7%B4%A0,https://i3.momoshop.com.tw/1762422922/goodsimg/0014/645/690/14645690_OR_m.webp,💊膠囊,【健康優見】高單位升級版葉黃素軟膠囊x10瓶(30粒/瓶)+贈維生素C1000緩釋錠x2瓶(30粒/瓶)-永信監製
MOMO,世界獨家專利SR-100,【世界獨家專利SR-100】EX秒晶亮-6盒優惠組,19999,https://www.momoshop.com.tw/goods/GoodsDetail.jsp?i_code=13209557&Area=search&mdiv=403&oid=1_28&cid=index&kw=%E8%91%89%E9%BB%83%E7%B4%A0,https://i1.momoshop.com.tw/1736917369/goodsimg/0013/209/557/13209557_OR_m.webp,,【世界獨家專利SR-100】EX秒晶亮-6盒優惠組
MOMO,LARGAN 大立美,【LARGAN 大立美】晶亮立克12盒（共360粒）(30粒/盒 葉黃素 專科醫師推薦),9550,https://www.momoshop.com.tw/goods/GoodsDetail.jsp?i_code=14434254&Area=search&mdiv=403&oid=1_29&cid=index&kw=%E8%91%89%E9%BB%83%E7%B4%A0,https://i2.momoshop.com.tw/1763378459/goodsimg/0014/434/254/14434254_OR_m.webp,,【LARGAN 大立美】晶亮立克12盒（共360粒）(30粒/盒 葉黃素 專科醫師推薦)
MOMO,白蘭氏,【白蘭氏】官方直營 黑醋栗葉黃素 60錠x5入(共300錠 金盞花/維生素A 官珮慈醫師推薦),5460,https://www.momoshop.com.tw/goods/GoodsDetail.jsp?i_code=12800166&Area=search&mdiv=403&oid=1_30&cid=index&kw=%E8%91%89%E9%BB%83%E7%B4%A0,https://i3.momoshop.com.tw/1767145340/goodsimg/0012/800/166/12800166_OR_m.webp,🫐花青素,【白蘭氏】官方直營 黑醋栗葉黃素 60錠x5入(共300錠 金盞花/維生素A 官珮慈醫師推薦)
