source,brand,title,price,url,image_url,tags,sales_volume,raw_data,total_count,unit_price
PChome,益生菌膠,益生菌膠囊2盒組(60顆x2盒),3299,https://24h.pchome.com.tw/prod/CFADBL-A900556MI,https://cs-a.ecimg.tw/items/CFADBLA900556MI/000001_1762236714.jpg,💊膠囊,0,益生菌膠囊2盒組(60顆x2盒),120.0,27.49
PChome,3效順暢,3效順暢益生菌膠囊60粒,799,https://24h.pchome.com.tw/prod/DBBC1E-A900AHQQI,https://cs-a.ecimg.tw/items/DBBC1EA900AHQQI/000001_1768545424.jpg,💊膠囊,0,3效順暢益生菌膠囊60粒,60.0,13.32
PChome,常順軍益,常順軍益生菌-頂級保健S(4g*30包/盒),1200,https://24h.pchome.com.tw/prod/DBBB5X-A900G8H91,https://cs-a.ecimg.tw/items/DBBB5XA900G8H91/000001_1746148691.jpg,,0,常順軍益生菌-頂級保健S(4g*30包/盒),,0.0
PChome,常順軍益,常順軍益生菌-日常保健版S (2.5克*30包/盒),850,https://24h.pchome.com.tw/prod/DBBB5X-A900G8H84,https://cs-a.ecimg.tw/items/DBBB5XA900G8H84/000001_1746148718.jpg,,0,常順軍益生菌-日常保健版S (2.5克*30包/盒),,0.0
PChome,三效順暢,三效順暢益生菌粉 40包,849,https://24h.pchome.com.tw/prod/DBBC1E-A900BGPK9,https://cs-a.ecimg.tw/items/DBBC1EA900BGPK9/000001_1768545405.jpg,,0,三效順暢益生菌粉 40包,,0.0
PChome,黑暢酵益,黑暢酵益生菌(5克x30入/1袋),1480,https://24h.pchome.com.tw/prod/DBAUIE-A900EVUO5,https://cs-a.ecimg.tw/items/DBAUIEA900EVUO5/000001_1761705464.jpg,,0,黑暢酵益生菌(5克x30入/1袋),,0.0
PChome,712D益生菌-克菲爾PLUS,【712D益生菌-克菲爾PLUS】調整體質ｘ排便順暢(30包/盒),1410,https://24h.pchome.com.tw/prod/DBCC0L-A900ID5KZ,https://cs-a.ecimg.tw/items/DBCC0LA900ID5KZ/000001_1763353784.jpg,,0,【712D益生菌-克菲爾PLUS】調整體質ｘ排便順暢(30包/盒),,0.0
PChome,官方直營,官方直營升級版 好欣情-PS128快樂益生菌30包/盒 二入組(醫師好辣推薦-蔡英傑教授領導開發惠生研生技),2516,https://24h.pchome.com.tw/prod/QEAB69-A900AMCUX,https://cs-a.ecimg.tw/items/QEAB69A900AMCUX/000001_1707277013.jpg,,0,官方直營升級版 好欣情-PS128快樂益生菌30包/盒 二入組(醫師好辣推薦-蔡英傑教授領導開發惠生研生技),,0.0
PChome,樂亦康A,樂亦康APF益生菌膠囊1入組(150顆/入),2430,https://24h.pchome.com.tw/prod/DBAUIN-A900GGKMP,https://cs-a.ecimg.tw/items/DBAUINA900GGKMP/000001_1735888810.jpg,💊膠囊,0,樂亦康APF益生菌膠囊1入組(150顆/入),150.0,16.2
PChome,舒眠益生,舒眠益生菌膠囊60粒,1475,https://24h.pchome.com.tw/prod/DBDN0I-A900GK8C2,https://cs-a.ecimg.tw/items/DBDN0IA900GK8C2/000001_1768545384.jpg,💊膠囊,0,舒眠益生菌膠囊60粒,60.0,24.58
PChome,睡益益生,睡益益生菌(2克x30入/袋),1470,https://24h.pchome.com.tw/prod/DBAUEO-A900DZZ33,https://cs-a.ecimg.tw/items/DBAUEOA900DZZ33/000001_1732074374.jpg,,0,睡益益生菌(2克x30入/袋),,0.0
PChome,璽莓 (,璽莓 (100包/盒) 包埋乳酸菌/益生菌+蔓越梅,2400,https://24h.pchome.com.tw/prod/DBBB77-A900G8WRH,https://cs-a.ecimg.tw/items/DBBB77A900G8WRH/000001_1681894316.jpg,,0,璽莓 (100包/盒) 包埋乳酸菌/益生菌+蔓越梅,,0.0
PChome,官方直營,官方直營升級版 好欣情-PS128快樂益生菌30包/盒(醫師好辣推薦-蔡英傑教授領導開發惠生研生技),1480,https://24h.pchome.com.tw/prod/QEAB69-A900AMCUI,https://cs-a.ecimg.tw/items/QEAB69A900AMCUI/000001_1707277151.jpg,,0,官方直營升級版 好欣情-PS128快樂益生菌30包/盒(醫師好辣推薦-蔡英傑教授領導開發惠生研生技),,0.0
PChome,舒眠益生,舒眠益生菌膠囊30粒,849,https://24h.pchome.com.tw/prod/DBDN0I-A900GK7TU,https://cs-a.ecimg.tw/items/DBDN0IA900GK7TU/000001_1751353466.jpg,💊膠囊,0,舒眠益生菌膠囊30粒,30.0,28.3
PChome,LP28,LP28敏立清Plus益生菌-乳酸x5(30條/盒),2495,https://24h.pchome.com.tw/prod/DBCC0K-1900ICLK2,https://cs-a.ecimg.tw/items/DBCC0K1900ICLK2/000001_1766973572.jpg,,0,LP28敏立清Plus益生菌-乳酸x5(30條/盒),,0.0
PChome,澳洲原裝,澳洲原裝進口 B420益生菌一瓶60粒(301368),1290,https://24h.pchome.com.tw/prod/DBCC22-A900HP9MA,https://cs-a.ecimg.tw/items/DBCC22A900HP9MA/000001_1722490340.jpg,,0,澳洲原裝進口 B420益生菌一瓶60粒(301368),60.0,21.5
PChome,威德健康,威德健康益生菌 90包,1290,https://24h.pchome.com.tw/prod/DBAUEO-A900AY3U0,https://cs-a.ecimg.tw/items/DBAUEOA900AY3U0/000001_1619536472.jpg,,0,威德健康益生菌 90包,,0.0
PChome,官方直營,官方直營 升級版 益菌寶-K21代謝益生菌60包/盒 二入組(蔡英傑教授領導開發惠生研生技),2856,https://24h.pchome.com.tw/prod/QEAB69-A900AMCYN,https://cs-a.ecimg.tw/items/QEAB69A900AMCYN/000001_1724743316.jpg,,0,官方直營 升級版 益菌寶-K21代謝益生菌60包/盒 二入組(蔡英傑教授領導開發惠生研生技),,0.0
PChome,共60顆,共60顆益生菌膠囊1盒組,2200,https://24h.pchome.com.tw/prod/CFADAS-A900551MY,https://cs-a.ecimg.tw/items/CFADASA900551MY/000001_1762236827.jpg,💊膠囊,0,共60顆益生菌膠囊1盒組,60.0,36.67
PChome,日本,【日本】晶球益生菌長益菌50+10加強保健(30條X3盒),3280,https://24h.pchome.com.tw/prod/DBBA14-A9005TGIE,https://cs-a.ecimg.tw/items/DBBA14A9005TGIE/000001_1767326117.jpg,,0,【日本】晶球益生菌長益菌50+10加強保健(30條X3盒),,0.0
PChome,日本,【日本】晶球益生菌長益菌50+10加強保健(30條/盒),1190,https://24h.pchome.com.tw/prod/DBAD8N-A9007LOLH,https://cs-a.ecimg.tw/items/DBAD8NA9007LOLH/000001_1767326027.jpg,,0,【日本】晶球益生菌長益菌50+10加強保健(30條/盒),,0.0
PChome,300億,300億純淨益生菌(30條/盒)x3盒,3280,https://24h.pchome.com.tw/prod/DBAUA4-1900BQGK2,https://cs-a.ecimg.tw/items/DBAUA41900BQGK2/000001_1764129268.jpg,,0,300億純淨益生菌(30條/盒)x3盒,,0.0
PChome,官方直營,官方直營 升級版 益菌寶-K21代謝益生菌60包/盒(蔡英傑教授領導開發惠生研生技),1680,https://24h.pchome.com.tw/prod/QEAB69-A900AMCXX,https://cs-a.ecimg.tw/items/QEAB69A900AMCXX/000001_1724743467.jpg,,0,官方直營 升級版 益菌寶-K21代謝益生菌60包/盒(蔡英傑教授領導開發惠生研生技),,0.0
PChome,日本,【日本】晶球益生菌長益菌-加強保健(30條X2盒)雙12特惠組,2200,https://24h.pchome.com.tw/prod/DBAD8N-A900C1I65,https://cs-a.ecimg.tw/items/DBAD8NA900C1I65/000001_1767326027.jpg,,0,【日本】晶球益生菌長益菌-加強保健(30條X2盒)雙12特惠組,,0.0
PChome,威德,【 威德】健康益生菌(90包),1199,https://24h.pchome.com.tw/prod/DBBC70-A900EDHTK,https://cs-a.ecimg.tw/items/DBBC70A900EDHTK/000001_1680753707.jpg,,0,【 威德】健康益生菌(90包),,0.0
PChome,優舒敏益,優舒敏益生菌複方膠囊(60錠/瓶),1140,https://24h.pchome.com.tw/prod/DBAUEU-A900AE7RZ,https://cs-a.ecimg.tw/items/DBAUEUA900AE7RZ/000001_1724056695.jpg,💊膠囊,0,優舒敏益生菌複方膠囊(60錠/瓶),60.0,19.0
PChome,官方直營,益生菌 NTU101乳酸菌60入【官方直營】,2090,https://24h.pchome.com.tw/prod/DBCQ00-A900FCDM8,https://cs-a.ecimg.tw/items/DBCQ00A900FCDM8/000001_1668995132.jpg,,0,益生菌 NTU101乳酸菌60入【官方直營】,,0.0
PChome,舒密護蔓,舒密護蔓越莓益生菌30入,699,https://24h.pchome.com.tw/prod/DBAUFK-A900B5UCR,https://cs-a.ecimg.tw/items/DBAUFKA900B5UCR/000001_1756711744.jpg,,0,舒密護蔓越莓益生菌30入,,0.0
PChome,舒密護蔓,舒密護蔓越莓益生菌(30入/盒)x2盒,1200,https://24h.pchome.com.tw/prod/DBAUFK-1900B8DON,https://cs-a.ecimg.tw/items/DBAUFK1900B8DON/000001_1756711741.jpg,,0,舒密護蔓越莓益生菌(30入/盒)x2盒,,0.0
PChome,威德益生,威德益生菌 90包,1149,https://24h.pchome.com.tw/prod/DBAUEO-A900HF9LZ,https://cs-a.ecimg.tw/items/DBAUEOA900HF9LZ/000001_1714019973.jpg,,0,威德益生菌 90包,,0.0
PChome,日本,【日本】晶球益生菌長益菌-頂級保健(30條/盒),2500,https://24h.pchome.com.tw/prod/DBBA14-A83080540,https://cs-a.ecimg.tw/items/DBBA14A83080540/000001_1767326053.jpg,,0,【日本】晶球益生菌長益菌-頂級保健(30條/盒),,0.0
PChome,LP28,LP28敏立清Plus益生菌-乳酸x3(30條/盒),1599,https://24h.pchome.com.tw/prod/DBCC0K-1900ICKXJ,https://cs-a.ecimg.tw/items/DBCC0K1900ICKXJ/000001_1766973607.jpg,,0,LP28敏立清Plus益生菌-乳酸x3(30條/盒),,0.0
PChome,美國 r,美國 reFeel 2.0 複合益生菌 PLUS 30包/盒,1358,https://24h.pchome.com.tw/prod/DBAUEO-A900GOV1F,https://cs-a.ecimg.tw/items/DBAUEOA900GOV1F/000001_1695780512.jpg,,0,美國 reFeel 2.0 複合益生菌 PLUS 30包/盒,,0.0
PChome,高濃縮蔓,高濃縮蔓越莓私密益生菌植物膠囊(30顆) x5盒,1995,https://24h.pchome.com.tw/prod/DBDR01-1900F5WAC,https://cs-a.ecimg.tw/items/DBDR011900F5WAC/000001_1764583411.jpg,💊膠囊,0,高濃縮蔓越莓私密益生菌植物膠囊(30顆) x5盒,150.0,13.3
PChome,100億,100億綜合益生菌膠囊一入60顆,863,https://24h.pchome.com.tw/prod/DBCC1R-A900GIHF7,https://cs-a.ecimg.tw/items/DBCC1RA900GIHF7/000001_1765874764.jpg,💊膠囊,0,100億綜合益生菌膠囊一入60顆,60.0,14.38
PChome,黑松生技,【黑松生技】排空消化更輕盈青汁酵素益生菌(30入/盒),1080,https://24h.pchome.com.tw/prod/DBAUHU-A900ERULG,https://cs-a.ecimg.tw/items/DBAUHUA900ERULG/000001_1660210911.jpg,,0,【黑松生技】排空消化更輕盈青汁酵素益生菌(30入/盒),,0.0
PChome,歐敏力 ,歐敏力 九久益生菌28包/盒,1880,https://24h.pchome.com.tw/prod/DBCC1X-A900IIR7P,https://cs-a.ecimg.tw/items/DBCC1XA900IIR7P/000001_1749054620.jpg,,0,歐敏力 九久益生菌28包/盒,,0.0
PChome,益生菌膠,益生菌膠囊B1 PLUS(30顆x1盒),1350,https://24h.pchome.com.tw/prod/DBAUGM-A900F8BSJ,https://cs-a.ecimg.tw/items/DBAUGMA900F8BSJ/000001_1762236508.jpg,💊膠囊,0,益生菌膠囊B1 PLUS(30顆x1盒),30.0,45.0
PChome,益生菌膠,益生菌膠囊30顆(冷藏1盒+常溫1盒),2020,https://24h.pchome.com.tw/prod/DBAUGM-A900F8BUT,https://cs-a.ecimg.tw/items/DBAUGMA900F8BUT/000001_1762236252.jpg,💊膠囊,0,益生菌膠囊30顆(冷藏1盒+常溫1盒),30.0,67.33
PChome,2入組,【2入組】  日本專利益生菌 2gX30包/盒 (19種類酵素 16種類乳酸菌 奶素可食 原廠公司貨),1188,https://24h.pchome.com.tw/prod/DBAUEY-A900BQMSR,https://cs-a.ecimg.tw/items/DBAUEYA900BQMSR/000001_1678952122.jpg,,0,【2入組】  日本專利益生菌 2gX30包/盒 (19種類酵素 16種類乳酸菌 奶素可食 原廠公司貨),,0.0
PChome,MeridLife 樂益活,【MeridLife 樂益活】菌護全能益生菌_60顆,807,https://24h.pchome.com.tw/prod/DBCC22-A900ILOB8,https://cs-a.ecimg.tw/items/DBCC22A900ILOB8/000001_1745205952.jpg,,0,【MeridLife 樂益活】菌護全能益生菌_60顆,60.0,13.45
PChome,威德,【威德】益生菌顆粒(90包),1299,https://24h.pchome.com.tw/prod/DBCC22-A900J7JJC,https://cs-a.ecimg.tw/items/DBCC22A900J7JJC/000001_1757064660.jpg,,0,【威德】益生菌顆粒(90包),,0.0
PChome,益暢敏粉,益暢敏粉末益生菌 (30包/盒),1680,https://24h.pchome.com.tw/prod/DBAUHK-A900B8KE9,https://cs-a.ecimg.tw/items/DBAUHKA900B8KE9/000001_1728974211.jpg,,0,益暢敏粉末益生菌 (30包/盒),,0.0
PChome,樂齡益生,樂齡益生菌(30包入/盒) 3盒/組,1639,https://24h.pchome.com.tw/prod/DBAUEU-A900FEGM1,https://cs-a.ecimg.tw/items/DBAUEUA900FEGM1/000001_1724209091.jpg,,0,樂齡益生菌(30包入/盒) 3盒/組,,0.0
PChome,官方直營,蔓越莓聖潔莓益生菌 30入/盒【官方直營】,1280,https://24h.pchome.com.tw/prod/DBCQ00-A900FCDS2,https://cs-a.ecimg.tw/items/DBCQ00A900FCDS2/000001_1660095637.jpg,,0,蔓越莓聖潔莓益生菌 30入/盒【官方直營】,,0.0
PChome,歐敏力 ,歐敏力 3穩益生菌30包/盒,1880,https://24h.pchome.com.tw/prod/DBCC0K-A900IIR8P,https://cs-a.ecimg.tw/items/DBCC0KA900IIR8P/000001_1749054655.jpg,,0,歐敏力 3穩益生菌30包/盒,,0.0
PChome,YM BIOMED,【YM BIOMED 】一家人益生菌60包X2盒,3268,https://24h.pchome.com.tw/prod/DBAUEO-1900BC4WF,https://cs-a.ecimg.tw/items/DBAUEO1900BC4WF/000001_1741859212.jpg,,0,【YM BIOMED 】一家人益生菌60包X2盒,,0.0
PChome,超級益生,超級益生菌-新 30包/盒(添加百里香次世代防護升級蔡英傑博士領導研發),1512,https://24h.pchome.com.tw/prod/DBCC22-A900IDIRK,https://cs-a.ecimg.tw/items/DBCC22A900IDIRK/000001_1740041844.jpg,,0,超級益生菌-新 30包/盒(添加百里香次世代防護升級蔡英傑博士領導研發),,0.0
PChome,威德 益,威德 益生菌 Probiotics (90包/盒),1299,https://24h.pchome.com.tw/prod/DBAUIS-A900F0UOI,https://cs-a.ecimg.tw/items/DBAUISA900F0UOI/000001_1652263032.jpg,,0,威德 益生菌 Probiotics (90包/盒),,0.0
PChome,日本,【日本】晶球益生菌長益菌50+10加強保健X44條超值組,1660,https://24h.pchome.com.tw/prod/DBAD8N-A900GASJY,https://cs-a.ecimg.tw/items/DBAD8NA900GASJY/000001_1735635678.jpg,,0,【日本】晶球益生菌長益菌50+10加強保健X44條超值組,,0.0
PChome,五國專利,五國專利300億ABC益生菌 30包/盒X2,1899,https://24h.pchome.com.tw/prod/DBCC22-A900I18IH,https://cs-a.ecimg.tw/items/DBCC22A900I18IH/000001_1737018017.jpg,,0,五國專利300億ABC益生菌 30包/盒X2,,0.0
PChome,歐敏力 ,歐敏力 熊貓益生菌30包/盒,1880,https://24h.pchome.com.tw/prod/DBCC22-A900IIR0C,https://cs-a.ecimg.tw/items/DBCC22A900IIR0C/000001_1749054587.jpg,,0,歐敏力 熊貓益生菌30包/盒,,0.0
PChome,日本,【日本】晶球益生菌長益菌50+10加強保健(30條/盒),1190,https://24h.pchome.com.tw/prod/QEAB6M-A9005U1BP,https://cs-a.ecimg.tw/items/QEAB6MA9005U1BP/000001_1735634663.jpg,,0,【日本】晶球益生菌長益菌50+10加強保健(30條/盒),,0.0
PChome,1000,1000億益生菌粉包(2gx30包),1320,https://24h.pchome.com.tw/prod/DBDF08-A900ICAGU,https://cs-a.ecimg.tw/items/DBDF08A900ICAGU/000001_1758074783.jpg,,0,1000億益生菌粉包(2gx30包),,0.0
PChome,優倍多Y,優倍多YouBest  蔓越莓益生菌 30包/盒,629,https://24h.pchome.com.tw/prod/DBADDP-A900BE3G8,https://cs-a.ecimg.tw/items/DBADDPA900BE3G8/000001_1739170155.jpg,,0,優倍多YouBest  蔓越莓益生菌 30包/盒,,0.0
PChome,日本,【日本】晶球益生菌長益菌50+10加強保健(14條/盒),580,https://24h.pchome.com.tw/prod/DBBA14-A9005TG7N,https://cs-a.ecimg.tw/items/DBBA14A9005TG7N/000001_1767326069.jpg,,0,【日本】晶球益生菌長益菌50+10加強保健(14條/盒),,0.0
PChome,舒暢益生,舒暢益生菌(30包入/盒) 5盒/組,2085,https://24h.pchome.com.tw/prod/DBAUEU-1900AUPN0,https://cs-a.ecimg.tw/items/DBAUEU1900AUPN0/000001_1740623581.jpg,,0,舒暢益生菌(30包入/盒) 5盒/組,,0.0
PChome,健常八益,健常八益菌益生菌膠囊(80粒/瓶),560,https://24h.pchome.com.tw/prod/DBBB0G-A9009FFQX,https://cs-a.ecimg.tw/items/DBBB0GA9009FFQX/000001_1764565946.jpg,💊膠囊,0,健常八益菌益生菌膠囊(80粒/瓶),80.0,7.0
PChome,兒童 初,兒童 初乳益生菌粉EX 柳橙口味 (2g/包30包/盒)2盒組,1290,https://24h.pchome.com.tw/prod/DBAD0F-A900BXBLM,https://cs-a.ecimg.tw/items/DBAD0FA900BXBLM/000001_1730445158.jpg,,0,兒童 初乳益生菌粉EX 柳橙口味 (2g/包30包/盒)2盒組,,0.0
PChome,紅萃蔓越,紅萃蔓越莓益生菌錠 (30粒/袋)6袋組,1590,https://24h.pchome.com.tw/prod/DBAX6Q-A900FU1IY,https://cs-a.ecimg.tw/items/DBAX6QA900FU1IY/000001_1758506031.jpg,,0,紅萃蔓越莓益生菌錠 (30粒/袋)6袋組,30.0,53.0
MOMO,大研生醫,【大研生醫】1000億益生菌粉包PLUS＋4入組(共120包),3499,https://www.momoshop.com.tw/goods/GoodsDetail.jsp?i_code=13657145&Area=search&mdiv=403&oid=1_1&cid=index&kw=%E7%9B%8A%E7%94%9F%E8%8F%8C,https://i3.momoshop.com.tw/1768832581/goodsimg/0013/657/145/13657145_OR_m.webp,,0,【大研生醫】1000億益生菌粉包PLUS＋4入組(共120包),,0.0
MOMO,統一LP33,【統一LP33】健字號益生菌膠囊*4盒(30顆/盒-調整過敏體質 免疫調節 抗敏),3299,https://www.momoshop.com.tw/goods/GoodsDetail.jsp?i_code=4908380&Area=search&mdiv=403&oid=1_2&cid=index&kw=%E7%9B%8A%E7%94%9F%E8%8F%8C,https://i4.momoshop.com.tw/1765761149/goodsimg/0004/908/380/4908380_OR_m.webp,💊膠囊,0,【統一LP33】健字號益生菌膠囊*4盒(30顆/盒-調整過敏體質 免疫調節 抗敏),120.0,27.49
MOMO,營養師輕食,【營養師輕食】台灣01益生菌新客體驗組(一盒5入 共3盒 調整呼吸、體質、排便 A.A 100%無添加),860,https://www.momoshop.com.tw/goods/GoodsDetail.jsp?i_code=13257930&Area=search&mdiv=403&oid=1_3&cid=index&kw=%E7%9B%8A%E7%94%9F%E8%8F%8C,https://i2.momoshop.com.tw/1765806357/goodsimg/0013/257/930/13257930_OR_m.webp,,0,【營養師輕食】台灣01益生菌新客體驗組(一盒5入 共3盒 調整呼吸、體質、排便 A.A 100%無添加),,0.0
MOMO,善存,【善存】3效順暢益生菌粉末顆粒 4+1盒組(40包/盒-雙專利益生菌 消化順暢 代謝好 狀態好 鳳梨酵素),3329,https://www.momoshop.com.tw/goods/GoodsDetail.jsp?i_code=8908864&Area=search&mdiv=403&oid=1_4&cid=index&kw=%E7%9B%8A%E7%94%9F%E8%8F%8C,https://i1.momoshop.com.tw/1767668702/goodsimg/0008/908/864/8908864_OR_m.webp,,0,【善存】3效順暢益生菌粉末顆粒 4+1盒組(40包/盒-雙專利益生菌 消化順暢 代謝好 狀態好 鳳梨酵素),,0.0
MOMO,CENTRUM 善存,【CENTRUM 善存】3效順暢益生菌粉末顆粒(40包/盒-雙專利益生菌 消化順暢 代謝好 狀態好 鳳梨酵素),849,https://www.momoshop.com.tw/goods/GoodsDetail.jsp?i_code=8908863&Area=search&mdiv=403&oid=1_5&cid=index&kw=%E7%9B%8A%E7%94%9F%E8%8F%8C,https://i1.momoshop.com.tw/1764679626/goodsimg/0008/908/863/8908863_OR_m.webp,,0,【CENTRUM 善存】3效順暢益生菌粉末顆粒(40包/盒-雙專利益生菌 消化順暢 代謝好 狀態好 鳳梨酵素),,0.0
MOMO,達摩本草,【達摩本草】ABC PRO+雙向調節益生菌1入組30包(百篇專利、6種藥廠級專利菌、22篇臨床研究),1699,https://www.momoshop.com.tw/goods/GoodsDetail.jsp?i_code=14130614&Area=search&mdiv=403&oid=1_6&cid=index&kw=%E7%9B%8A%E7%94%9F%E8%8F%8C,https://i4.momoshop.com.tw/1769160223/goodsimg/0014/130/614/14130614_OR_m.webp,,0,【達摩本草】ABC PRO+雙向調節益生菌1入組30包(百篇專利、6種藥廠級專利菌、22篇臨床研究),,0.0
MOMO,統一LP33,【統一LP33】健字號益生菌膠囊*4盒(30顆/盒-調整過敏體質 免疫調節 抗敏),3299,https://www.momoshop.com.tw/goods/GoodsDetail.jsp?i_code=4908380&Area=search&mdiv=403&oid=1_7&cid=index&kw=%E7%9B%8A%E7%94%9F%E8%8F%8C,https://i4.momoshop.com.tw/1765761149/goodsimg/0004/908/380/4908380_OR_m.webp,💊膠囊,0,【統一LP33】健字號益生菌膠囊*4盒(30顆/盒-調整過敏體質 免疫調節 抗敏),120.0,27.49
MOMO,WEIDER 威德,【WEIDER 威德】威德 益生菌 顆粒 90包 WEIDER Probiotics Granule 90-Sachet(過年/年節/送禮/順暢),949,https://www.momoshop.com.tw/goods/GoodsDetail.jsp?i_code=14576089&Area=search&mdiv=403&oid=1_8&cid=index&kw=%E7%9B%8A%E7%94%9F%E8%8F%8C,https://i1.momoshop.com.tw/1761025815/goodsimg/0014/576/089/14576089_OR_m.webp,,0,【WEIDER 威德】威德 益生菌 顆粒 90包 WEIDER Probiotics Granule 90-Sachet(過年/年節/送禮/順暢),,0.0
MOMO,台塑生醫醫之方,【台塑生醫醫之方】舒暢益生菌x5盒(共150包-李李仁代言-排便順暢.三包埋.長庚團隊),2085,https://www.momoshop.com.tw/goods/GoodsDetail.jsp?i_code=7272167&Area=search&mdiv=403&oid=1_9&cid=index&kw=%E7%9B%8A%E7%94%9F%E8%8F%8C,https://i1.momoshop.com.tw/1765791378/goodsimg/0007/272/167/7272167_OR_m.webp,,0,【台塑生醫醫之方】舒暢益生菌x5盒(共150包-李李仁代言-排便順暢.三包埋.長庚團隊),,0.0
MOMO,營養師輕食,【營養師輕食】台灣01益生菌 5入組(一入30包 調整呼吸、體質、排便問題 100%無添加益生菌),6595,https://www.momoshop.com.tw/goods/GoodsDetail.jsp?i_code=12616327&Area=search&mdiv=403&oid=1_10&cid=index&kw=%E7%9B%8A%E7%94%9F%E8%8F%8C,https://i3.momoshop.com.tw/1765806400/goodsimg/0012/616/327/12616327_OR_m.webp,,0,【營養師輕食】台灣01益生菌 5入組(一入30包 調整呼吸、體質、排便問題 100%無添加益生菌),,0.0
MOMO,BHK’s,【BHK’s】安寶適益生菌粉 2盒組(1g/包；30包/盒),890,https://www.momoshop.com.tw/goods/GoodsDetail.jsp?i_code=12902588&Area=search&mdiv=403&oid=1_11&cid=index&kw=%E7%9B%8A%E7%94%9F%E8%8F%8C,https://i2.momoshop.com.tw/1757090245/goodsimg/0012/902/588/12902588_OR_m.webp,,0,【BHK’s】安寶適益生菌粉 2盒組(1g/包；30包/盒),,0.0
MOMO,營養師輕食,【營養師輕食】台灣01益生菌 3入組(一入30包 調整呼吸、體質、排便3大問題 100%無添加益生菌),4405,https://www.momoshop.com.tw/goods/GoodsDetail.jsp?i_code=12616326&Area=search&mdiv=403&oid=1_12&cid=index&kw=%E7%9B%8A%E7%94%9F%E8%8F%8C,https://i4.momoshop.com.tw/1765806380/goodsimg/0012/616/326/12616326_OR_m.webp,,0,【營養師輕食】台灣01益生菌 3入組(一入30包 調整呼吸、體質、排便3大問題 100%無添加益生菌),,0.0
MOMO,InSeed 益喜氏,【InSeed 益喜氏】升級版 PS128快樂益生菌-好欣情 2盒組(30包/盒),2012,https://www.momoshop.com.tw/goods/GoodsDetail.jsp?i_code=5624319&Area=search&mdiv=403&oid=1_13&cid=index&kw=%E7%9B%8A%E7%94%9F%E8%8F%8C,https://i4.momoshop.com.tw/1763090195/goodsimg/0005/624/319/5624319_OR_m.webp,,0,【InSeed 益喜氏】升級版 PS128快樂益生菌-好欣情 2盒組(30包/盒),,0.0
MOMO,躍聯,【躍聯】寶乖亞益生菌滴液 10ml_1入(台灣唯一總代理 100%公司貨保障安心首選),1650,https://www.momoshop.com.tw/goods/GoodsDetail.jsp?i_code=11071324&Area=search&mdiv=403&oid=1_14&cid=index&kw=%E7%9B%8A%E7%94%9F%E8%8F%8C,https://i4.momoshop.com.tw/1759800969/goodsimg/0011/071/324/11071324_OR_m.webp,,0,【躍聯】寶乖亞益生菌滴液 10ml_1入(台灣唯一總代理 100%公司貨保障安心首選),,0.0
MOMO,聖寶思樂,【聖寶思樂】益生菌(聖寶思樂洪永祥益生菌),1520,https://www.momoshop.com.tw/goods/GoodsDetail.jsp?i_code=13725442&Area=search&mdiv=403&oid=1_15&cid=index&kw=%E7%9B%8A%E7%94%9F%E8%8F%8C,https://i3.momoshop.com.tw/1742965347/goodsimg/0013/725/442/13725442_OR_m.webp,,0,【聖寶思樂】益生菌(聖寶思樂洪永祥益生菌),,0.0
MOMO,Simply 新普利,【Simply 新普利】日本專利益生菌30包(3盒)(調整體質.日本專利),1480,https://www.momoshop.com.tw/goods/GoodsDetail.jsp?i_code=4856684&Area=search&mdiv=403&oid=1_16&cid=index&kw=%E7%9B%8A%E7%94%9F%E8%8F%8C,https://i4.momoshop.com.tw/1765762817/goodsimg/0004/856/684/4856684_OR_m.webp,,0,【Simply 新普利】日本專利益生菌30包(3盒)(調整體質.日本專利),,0.0
MOMO,我的健康日記,【我的健康日記】舒密護蔓越莓益生菌(30包 私密保養首選 法國洛神花萼萃取),699,https://www.momoshop.com.tw/goods/GoodsDetail.jsp?i_code=6781481&Area=search&mdiv=403&oid=1_17&cid=index&kw=%E7%9B%8A%E7%94%9F%E8%8F%8C,https://i2.momoshop.com.tw/1769078701/goodsimg/0006/781/481/6781481_OR_m.webp,,0,【我的健康日記】舒密護蔓越莓益生菌(30包 私密保養首選 法國洛神花萼萃取),,0.0
MOMO,FJ豐傑生醫,【FJ豐傑生醫】712D益生菌-克菲爾PLUS-30包/盒(調整體質ｘ排便順暢),1280,https://www.momoshop.com.tw/goods/GoodsDetail.jsp?i_code=12319485&Area=search&mdiv=403&oid=1_18&cid=index&kw=%E7%9B%8A%E7%94%9F%E8%8F%8C,https://i4.momoshop.com.tw/1765558779/goodsimg/0012/319/485/12319485_OR_m.webp,,0,【FJ豐傑生醫】712D益生菌-克菲爾PLUS-30包/盒(調整體質ｘ排便順暢),,0.0
MOMO,義美生醫,【義美生醫】厚奶茶-添加熱去活乳酸菌(30g*10包/盒；義美人氣厚奶茶、日本專利熱去活乳酸菌、高纖順暢),288,https://www.momoshop.com.tw/goods/GoodsDetail.jsp?i_code=13705224&Area=search&mdiv=403&oid=1_19&cid=index&kw=%E7%9B%8A%E7%94%9F%E8%8F%8C,https://i1.momoshop.com.tw/1763114266/goodsimg/0013/705/224/13705224_OR_m.webp,,0,【義美生醫】厚奶茶-添加熱去活乳酸菌(30g*10包/盒；義美人氣厚奶茶、日本專利熱去活乳酸菌、高纖順暢),,0.0
MOMO,義美生醫,【義美生醫】常順軍益生菌-頂級保健S(30包*3盒；成分最單純的益生菌、無食品添加物、進階保養),2111,https://www.momoshop.com.tw/goods/GoodsDetail.jsp?i_code=12849379&Area=search&mdiv=403&oid=1_20&cid=index&kw=%E7%9B%8A%E7%94%9F%E8%8F%8C,https://i4.momoshop.com.tw/1763114427/goodsimg/0012/849/379/12849379_OR_m.webp,,0,【義美生醫】常順軍益生菌-頂級保健S(30包*3盒；成分最單純的益生菌、無食品添加物、進階保養),,0.0
MOMO,娘家官方直營,【娘家官方直營】益生菌3盒組(40包/盒.NTU101.調整體質),3188,https://www.momoshop.com.tw/goods/GoodsDetail.jsp?i_code=10371748&Area=search&mdiv=403&oid=1_21&cid=index&kw=%E7%9B%8A%E7%94%9F%E8%8F%8C,https://i3.momoshop.com.tw/1765848127/goodsimg/0010/371/748/10371748_OR_m.webp,,0,【娘家官方直營】益生菌3盒組(40包/盒.NTU101.調整體質),,0.0
MOMO,大研生醫,【大研生醫】1000億益生菌粉包PLUS＋2入組(共60包),1850,https://www.momoshop.com.tw/goods/GoodsDetail.jsp?i_code=13657146&Area=search&mdiv=403&oid=1_22&cid=index&kw=%E7%9B%8A%E7%94%9F%E8%8F%8C,https://i3.momoshop.com.tw/1768832581/goodsimg/0013/657/146/13657146_OR_m.webp,,0,【大研生醫】1000億益生菌粉包PLUS＋2入組(共60包),,0.0
MOMO,赫而司,【赫而司】婦淨康益生菌2罐(共120顆女性私密保養乳酸菌五益菌強化配方+果寡糖全素食膠囊),1896,https://www.momoshop.com.tw/goods/GoodsDetail.jsp?i_code=8123176&Area=search&mdiv=403&oid=1_23&cid=index&kw=%E7%9B%8A%E7%94%9F%E8%8F%8C,https://i4.momoshop.com.tw/1757083141/goodsimg/0008/123/176/8123176_OR_m.webp,💊膠囊,0,【赫而司】婦淨康益生菌2罐(共120顆女性私密保養乳酸菌五益菌強化配方+果寡糖全素食膠囊),240.0,7.9
MOMO,善存,【善存】3效順暢益生菌粉末顆粒 4+1盒組(40包/盒-雙專利益生菌 消化順暢 代謝好 狀態好 鳳梨酵素),3329,https://www.momoshop.com.tw/goods/GoodsDetail.jsp?i_code=8908864&Area=search&mdiv=403&oid=1_24&cid=index&kw=%E7%9B%8A%E7%94%9F%E8%8F%8C,https://i1.momoshop.com.tw/1767668702/goodsimg/0008/908/864/8908864_OR_m.webp,,0,【善存】3效順暢益生菌粉末顆粒 4+1盒組(40包/盒-雙專利益生菌 消化順暢 代謝好 狀態好 鳳梨酵素),,0.0
MOMO,大研生醫,【大研生醫】1000億益生菌粉包PLUS＋4入組(共120包),3499,https://www.momoshop.com.tw/goods/GoodsDetail.jsp?i_code=13657145&Area=search&mdiv=403&oid=1_25&cid=index&kw=%E7%9B%8A%E7%94%9F%E8%8F%8C,https://i3.momoshop.com.tw/1768832581/goodsimg/0013/657/145/13657145_OR_m.webp,,0,【大研生醫】1000億益生菌粉包PLUS＋4入組(共120包),,0.0
MOMO,InSeed益喜氏,【InSeed益喜氏】升級版 K21代謝益生菌-益菌寶 2盒組(60包/盒),2284,https://www.momoshop.com.tw/goods/GoodsDetail.jsp?i_code=4816241&Area=search&mdiv=403&oid=1_26&cid=index&kw=%E7%9B%8A%E7%94%9F%E8%8F%8C,https://i3.momoshop.com.tw/1763090202/goodsimg/0004/816/241/4816241_OR_m.webp,,0,【InSeed益喜氏】升級版 K21代謝益生菌-益菌寶 2盒組(60包/盒),,0.0
MOMO,老行家,【老行家】hoscode蔓越莓益生菌30包/盒(買一送一),993,https://www.momoshop.com.tw/goods/GoodsDetail.jsp?i_code=7230757&Area=search&mdiv=403&oid=1_27&cid=index&kw=%E7%9B%8A%E7%94%9F%E8%8F%8C,https://i4.momoshop.com.tw/1731489482/goodsimg/0007/230/757/7230757_OR_m.webp,,0,【老行家】hoscode蔓越莓益生菌30包/盒(買一送一),,0.0
MOMO,統一LP33,【統一LP33】健字號益生菌膠囊*10盒(30顆/盒-調整過敏體質 免疫調節 抗敏),7288,https://www.momoshop.com.tw/goods/GoodsDetail.jsp?i_code=4892335&Area=search&mdiv=403&oid=1_28&cid=index&kw=%E7%9B%8A%E7%94%9F%E8%8F%8C,https://i4.momoshop.com.tw/1765761152/goodsimg/0004/892/335/4892335_OR_m.webp,💊膠囊,0,【統一LP33】健字號益生菌膠囊*10盒(30顆/盒-調整過敏體質 免疫調節 抗敏),300.0,24.29
MOMO,台塑生醫醫之方,【台塑生醫醫之方】舒暢益生菌x2盒(共60包加碼送舒暢益生菌PLUS 4g*3小條),999,https://www.momoshop.com.tw/goods/GoodsDetail.jsp?i_code=3774443&Area=search&mdiv=403&oid=1_29&cid=index&kw=%E7%9B%8A%E7%94%9F%E8%8F%8C,https://i4.momoshop.com.tw/1718939123/goodsimg/0003/774/443/3774443_OR_m.webp,,0,【台塑生醫醫之方】舒暢益生菌x2盒(共60包加碼送舒暢益生菌PLUS 4g*3小條),,0.0
MOMO,Wakamoto,【Wakamoto】若元益生菌_220錠/瓶(食品、獨家高活性WB菌、TriBio Sync配方、使排便順暢、日本原裝),920,https://www.momoshop.com.tw/goods/GoodsDetail.jsp?i_code=14041251&Area=search&mdiv=403&oid=1_30&cid=index&kw=%E7%9B%8A%E7%94%9F%E8%8F%8C,https://i2.momoshop.com.tw/1765769346/goodsimg/0014/041/251/14041251_OR_m.webp,,0,【Wakamoto】若元益生菌_220錠/瓶(食品、獨家高活性WB菌、TriBio Sync配方、使排便順暢、日本原裝),220.0,4.18
